1,189.9,430.33,-2,0,0,0,0,0,0,0,0,0,0,0
2,342.7,431.36,-2,1,12.419,211.77,189.9,189.9,495.94,495.06,427.57,437.23,426.19,434.47
3,591.53,431.36,-2,1,15.179,19435,589.09,691.1,589.09,496.83,330.98,431.71,531.06,431.71
4,675.58,379.27,-2,1,17.938,3500.9,670.7,699.98,709.73,621.91,413.77,401.35,347.54,354.44
5,589.53,355.13,-2,-1,2,308.47,580.22,598.85,598.85,580.22,347.54,346.16,362.72,364.1
6,664.94,431.36,-2,-1,2,321.32,655.62,674.25,674.25,655.62,423.43,422.05,439.99,439.99
7,590.2,506.91,-2,-1,2,272.36,598.85,581.1,582.88,597.96,497.94,499.32,515.88,514.5
8,554.71,460,-2,-1,5,502.48,545.62,564.25,563.36,545.62,446.89,445.51,475.87,471.73
9,573.34,405.84,-2,-1,5,213.6,565.14,580.22,580.22,567.8,397.21,398.59,416.53,411.01
10,573.34,407.56,-2,-2,2,26.318,570.46,575.78,575.78,571.35,404.11,405.49,411.01,409.63
11,564.47,397.56,-1,-1,2,113.23,555.38,573.12,574.01,555.38,395.83,393.07,401.35,399.97
12,613.48,445.85,-1,-1,2,183,620.14,618.36,608.6,606.83,437.23,455.17,452.41,438.61
13,564.92,493.46,-1,-1,2,250.32,555.38,555.38,574.01,574.9,500.7,486.9,486.9,499.32
14,438.06,600.05,-1,-1,3,84.461,432.96,443.6,442.72,432.96,595.91,595.91,604.19,604.19
15,431.41,548.65,-1,-1,4,136.48,435.62,427.64,425.86,436.51,540.72,542.1,551.76,560.04
16,557.82,588.32,-1,-1,2,45.291,553.6,561.59,560.7,555.38,583.5,586.25,591.77,591.77
17,574.67,586.25,-1,-1,2,41.007,569.57,579.33,577.56,572.23,583.5,583.5,590.39,587.63
18,695.54,552.79,-1,-1,3,148.11,685.78,705.3,705.3,685.78,549,549,555.9,557.28
19,905.78,545.89,-1,-1,2,77.117,912.88,898.69,900.46,911.1,543.48,542.1,549,549
20,938.38,545.55,-1,-1,2,94.866,931.51,944.81,945.7,931.51,542.1,542.1,549,549
21,621.47,334.77,-1,-1,2,224.01,605.94,636.1,636.1,607.72,332.36,329.6,337.88,339.26
22,789.57,456.2,-1,-1,2,65.488,794.01,794.9,780.7,788.69,464.83,453.79,449.65,456.55
23,789.13,436.54,-1,-1,2,56.308,780.7,794.01,792.23,789.57,441.37,439.99,430.33,434.47
24,445.6,573.49,-1,-2,2,57.532,443.6,448.04,448.04,442.72,568.32,566.94,580.74,577.98
25,622.58,652.14,-1,-2,2,3.0602,620.14,624.57,624.57,621.02,652.49,651.11,652.49,652.49
26,646.08,652.14,-1,-2,2,1.2241,644.98,646.75,646.75,645.86,652.49,651.11,652.49,652.49
27,566.02,637.66,-1,-1,2,94.254,558.93,571.35,571.35,562.48,633.17,633.17,642.83,641.45
28,552.05,288.2,-1,-1,20,325.6,546.51,556.27,558.04,547.4,273.02,271.64,303.38,304.76
29,577.78,288.89,-1,-1,20,249.1,574.01,581.1,581.99,574.01,271.64,273.02,306.14,304.76
30,652.52,591.77,-1,-2,2,4.8963,651.19,652.96,653.85,652.07,590.39,590.39,593.15,593.15
31,706.63,620.06,-1,-2,2,11.017,705.3,707.96,707.96,705.3,617.99,617.99,622.13,622.13
32,556.49,564.52,-1,-2,2,2.4482,556.27,558.04,555.38,556.27,564.18,565.56,565.56,562.8
33,574.45,564.87,-1,-2,2,2.4482,573.12,575.78,574.9,574.01,564.18,564.18,565.56,565.56
34,551.83,545.89,-1,-2,2,9.1806,550.06,553.6,552.72,550.94,543.48,544.86,549,546.24
35,578,546.93,-1,-2,-2,11.017,576.67,581.1,577.56,576.67,544.86,544.86,549,549
36,945.92,534.51,-1,-2,2,3.0602,944.81,946.59,947.48,944.81,533.82,533.82,535.2,535.2
37,935.06,535.2,-1,-2,2,7.3445,935.06,936.83,935.94,932.4,533.82,533.82,536.58,536.58
38,581.77,319.25,-1,-2,2,14.077,581.1,581.99,581.1,582.88,303.38,303.38,335.12,335.12
39,496.61,266.12,-1,-2,2,9.1806,494.17,496.83,498.6,496.83,264.75,263.37,268.88,267.5
40,801.77,417.22,-1,-2,2,8.5685,800.22,802.88,802.88,801.1,415.15,415.15,420.67,417.91
41,823.95,488.28,-1,-3,1,42.843,821.51,825.06,825.94,823.28,481.38,481.38,495.18,495.18
42,817.52,457.58,-1,-2,2,8.5685,816.19,817.96,819.73,816.19,455.17,456.55,459.31,459.31
43,540.74,315.46,-1,-3,2,1.2241,539.41,541.19,541.19,541.19,314.42,314.42,317.18,315.8
44,639.65,319.59,-1,-3,1,1.2241,638.77,640.54,640.54,638.77,318.56,319.94,319.94,319.94
45,501.49,553.48,-1,1,11.039,2030.1,545.62,546.51,456.91,456.91,540.72,565.56,564.18,543.48
46,446.49,553.14,-1,1,8.2792,342.74,439.17,454.25,454.25,438.28,542.1,542.1,564.18,564.18
47,505.48,535.2,-1,1,5.3226,705.68,469.33,542.07,542.07,468.44,532.44,528.3,539.34,540.72
48,440.28,597.29,-1,2,6.8994,26.318,449.81,431.19,449.81,430.3,626.27,624.89,566.94,571.08
49,564.92,558.31,-1,1,7.0968,487.18,550.94,578.44,577.56,552.72,549,549,568.32,566.94
50,565.8,602.47,-1,1,19.516,1836.7,550.94,581.1,581.1,550.06,571.08,573.84,630.41,634.55
51,594.63,654.21,-1,1,15.081,1626.8,558.93,558.93,629.9,630.78,641.45,664.91,666.29,644.21
52,626.57,635.24,-1,1,15.179,1312.2,594.41,659.17,657.4,595.3,624.89,624.89,644.21,646.97
53,659.17,649.38,-1,1,3.5484,376.4,638.77,637.88,675.14,684.9,644.21,664.91,644.21,644.21
54,679.35,606.95,-1,1,4.1396,668.35,675.14,683.12,684.9,674.25,642.83,642.83,571.08,571.08
55,703.08,610.75,-1,2,1.7742,735.67,689.33,715.06,715.94,691.99,595.91,595.91,626.27,624.89
56,627.23,596.6,-1,1,15.081,3564.5,594.41,659.17,658.28,597.07,568.32,568.32,623.51,626.27
57,633.89,553.83,-1,2,6.8994,1766.3,584.65,584.65,683.12,683.12,542.1,562.8,562.8,547.62
58,626.13,535.89,-1,1,12.419,420.47,600.62,651.19,652.07,600.62,529.68,533.82,542.1,537.96
59,564.25,510.02,-1,1,5.3226,367.22,553.6,574.9,574.9,553.6,500.7,502.08,518.64,518.64
60,601.73,481.73,-1,1,16.558,33.662,574.9,574.01,621.02,636.99,500.7,515.88,455.17,455.17
61,629.67,448.27,-1,1,19.318,368.45,619.25,638.77,639.65,621.02,438.61,438.61,457.93,457.93
62,648.97,447.58,-1,1,5.5195,445.56,636.1,638.77,660.94,660.06,435.85,459.31,455.17,439.99
63,712.62,445.51,-1,2,8.2792,706.91,661.83,660.94,764.73,762.96,442.75,448.27,449.65,441.37
64,771.17,447.58,-1,1,2.7597,665.9,778.04,779.81,763.85,762.96,420.67,473.11,464.83,431.71
65,806.65,435.16,-1,2,4.4355,862.36,796.67,815.3,819.73,794.9,412.39,417.91,457.93,452.41
66,811.75,496.56,-1,1,4.4355,795.65,801.1,825.94,819.73,800.22,478.62,478.62,514.5,514.5
67,874.07,489.32,-1,1,6.2097,1847.1,850.78,896.91,895.14,853.44,463.45,473.11,507.6,513.12
68,870.3,446.2,-1,1,12.419,1.2241,825.94,825.94,915.54,913.77,437.23,453.79,438.61,455.17
69,921.97,485.18,-1,1,4.4355,124.86,916.43,928.85,913.77,928.85,441.37,437.23,531.06,531.06
70,922.42,558.66,-1,1,15.968,643.87,913.77,931.51,928.85,915.54,536.58,539.34,580.74,577.98
71,601.95,412.05,-1,1,37.256,1116.4,638.77,618.36,574.9,575.78,438.61,438.61,395.83,375.13
72,564.47,385.14,-1,1,4.4355,334.79,554.49,570.46,574.01,558.93,395.83,395.83,375.13,373.75
73,565.36,322.01,-1,1,8.2792,189.73,558.04,572.23,572.23,558.93,314.42,315.8,328.22,329.6
74,611.49,326.84,-1,2,5.5195,1362.4,581.1,582.88,643.2,638.77,310.28,336.5,340.64,319.94
75,565.14,217.83,0,0,0,0,0,0,0,0,0,0,0,0
76,565.14,351.68,0,0,0,0,0,0,0,0,0,0,0,0
77,338.04,623.51,0,0,0,0,0,0,0,0,0,0,0,0
78,338.04,662.15,0,0,0,0,0,0,0,0,0,0,0,0
79,161.51,642.48,0,-1,2,105.88,157.96,163.28,165.94,158.85,633.17,634.55,651.11,651.11
80,438.73,595.22,0,-1,2,102.82,432.07,445.38,444.49,432.96,591.77,590.39,598.67,600.05
81,440.94,549,0,-1,4,323.16,430.3,452.48,450.7,430.3,542.1,540.72,557.28,555.9
82,556.27,577.98,0,-1,2,35.498,557.15,558.93,554.49,554.49,571.08,583.5,582.12,575.22
83,571.35,577.29,0,-1,2,19.585,569.57,568.69,573.12,574.01,571.08,582.12,576.6,579.36
84,537.64,445.51,0,0,0,0,0,0,0,0,0,0,0,0
85,564.47,624.55,0,-1,2,17.749,559.81,568.69,568.69,560.7,623.51,623.51,624.89,626.27
86,694.65,532.44,0,-1,3,146.89,683.12,706.19,704.41,684.9,528.3,529.68,535.2,536.58
87,918.65,527.61,0,-1,2,51.411,913.77,922.64,921.75,916.43,524.16,524.16,528.3,533.82
88,1030,556.59,0,-1,2,124.86,1026.4,1032.6,1034.4,1026.4,546.24,549,566.94,564.18
89,1029.8,462.07,0,-1,2,17.137,1029.1,1031.8,1030.9,1027.3,459.31,459.31,464.83,464.83
90,1029.1,420.33,0,-1,2,12.241,1027.3,1030.9,1030.9,1027.3,417.91,419.29,422.05,422.05
91,1029.5,329.6,0,-1,2,78.341,1025.5,1033.5,1032.6,1026.4,324.08,324.08,330.98,339.26
92,941.27,342.36,0,-1,2,209.32,950.14,952.8,930.62,931.51,337.88,348.92,346.16,336.5
93,895.8,340.98,0,-1,2,188.51,887.15,904.9,904.9,886.27,335.12,336.5,346.16,346.16
94,694.65,324.42,0,-1,2,350.09,684.01,704.41,705.3,684.9,314.42,317.18,333.74,332.36
95,619.69,328.91,0,-1,2,154.23,606.83,634.33,632.56,605.06,326.84,325.46,333.74,329.6
96,619.92,322.7,0,-1,2,198.3,605.06,634.33,634.33,605.94,318.56,319.94,326.84,325.46
97,551.61,285.44,0,-1,20,339.68,546.51,555.38,558.04,546.51,268.88,268.88,300.62,303.38
98,577.33,285.1,0,-1,20,368.45,571.35,581.1,583.77,573.12,266.12,267.5,304.76,302
99,530.76,237.49,0,-1,8,354.37,526.1,536.75,536.75,523.44,223.35,221.97,252.33,252.33
100,798,460,0,-1,2,652.43,778.93,815.3,817.07,780.7,451.03,451.03,468.97,468.97
101,799.55,423.78,0,-1,2,463.93,817.96,783.36,780.7,816.19,428.95,431.71,417.91,416.53
102,509.69,318.22,0,-1,2,77.117,502.15,513.69,514.57,508.36,313.04,314.42,322.7,322.7
103,172.38,639.72,0,-2,2,36.722,170.38,173.04,175.7,170.38,635.93,634.55,644.21,644.21
104,259.31,613.51,0,-3,1,25.094,257.31,261.75,260.86,257.31,609.71,611.09,616.61,616.61
105,440.5,577.63,0,-2,2,11.629,438.28,441.83,442.72,439.17,575.22,576.6,579.36,579.36
106,550.94,536.58,0,-2,2,4.8963,550.06,551.83,551.83,550.06,535.2,535.2,537.96,537.96
107,576.23,537.96,0,-2,2,14.689,575.78,577.56,577.56,574.01,535.2,535.2,540.72,540.72
108,555.82,562.45,0,-2,2,5.5084,554.49,557.15,557.15,554.49,561.42,561.42,565.56,561.42
109,572.46,564.52,0,-2,2,14.077,570.46,574.01,574.01,571.35,561.42,562.8,568.32,565.56
110,673.81,623.86,0,-2,2,11.629,671.59,674.25,676.02,673.36,620.75,622.13,626.27,626.27
111,814.19,551.41,0,-2,2,29.99,811.75,817.07,815.3,812.64,546.24,549,553.14,557.28
112,932.62,552.1,0,-2,2,11.629,931.51,935.06,932.4,931.51,549,550.38,554.52,554.52
113,939.49,554.52,0,-2,2,8.5685,938.6,941.27,940.38,937.72,551.76,554.52,555.9,555.9
114,1010.7,465.17,0,-2,2,2.4482,1009.6,1011.3,1011.3,1010.5,463.45,464.83,466.21,466.21
115,1010.9,406.53,0,-2,2,40.395,1007.8,1014,1013.1,1008.7,402.73,402.73,409.63,411.01
116,1027.3,347.19,0,-2,2,23.257,1023.8,1029.1,1029.1,1027.3,343.4,344.78,348.92,351.68
117,932.4,349.26,0,-2,2,16.525,931.51,935.06,934.17,928.85,347.54,347.54,351.68,350.3
118,791.13,412.74,0,-2,2,18.973,789.57,792.23,793.12,789.57,409.63,409.63,416.53,415.15
119,584.21,316.49,0,-2,2,18.361,581.99,585.54,585.54,583.77,313.04,313.04,319.94,319.94
120,534.98,234.04,0,-2,2,10.405,533.2,535.86,535.86,534.98,230.25,231.63,237.15,237.15
121,782.25,333.05,0,-3,1,17.137,779.81,784.25,784.25,780.7,329.6,332.36,332.36,337.88
122,643.42,315.11,0,-3,1,4.2843,641.43,644.98,644.98,642.31,314.42,314.42,315.8,315.8
123,537.86,316.15,0,-3,1,1.8361,539.41,537.64,536.75,537.64,314.42,315.8,317.18,317.18
124,491.73,312.7,0,-3,1,6.7324,490.62,491.51,494.17,490.62,310.28,311.66,314.42,314.42
125,498.38,246.46,0,-3,1,15.301,496.83,500.38,499.49,496.83,244.05,244.05,249.57,248.19
126,556.04,452.75,0,-1,5,12.853,554.49,558.04,558.04,553.6,451.03,451.03,452.41,456.55
127,556.71,463.45,0,-1,5,17.137,554.49,559.81,559.81,552.72,462.07,462.07,464.83,464.83
128,441.61,583.84,0,1,9.7581,426.59,430.3,448.93,447.15,440.06,601.43,600.05,565.56,568.32
129,493.06,549.69,0,1,4.4355,2568.7,441.83,440.94,543.85,545.62,536.58,561.42,562.8,537.96
130,564.25,546.58,0,1,8.2792,496.98,551.83,576.67,576.67,551.83,537.96,535.2,555.9,557.28
131,565.14,594.19,0,1,13.306,1687.4,550.06,581.1,579.33,550.06,564.18,568.32,622.13,622.13
132,625.02,549.34,0,1,9.6591,1800.6,583.77,667.15,667.15,581.99,540.72,536.58,560.04,560.04
133,719.71,636.28,0,3,4.1396,1104.1,685.78,684.01,754.98,754.09,629.03,645.59,642.83,627.65
134,230.48,613.16,0,2,8.2792,1091.9,204.09,204.09,257.31,256.43,602.81,622.13,624.89,602.81
135,281.04,611.78,0,1,6.8994,550.84,271.51,270.62,291.02,291.02,597.29,626.27,624.89,598.67
136,281.93,639.03,0,1,2.7597,509.22,272.4,291.91,291.91,271.51,626.27,626.27,651.11,652.49
137,303.89,639.03,0,2,13.799,319.48,295.46,296.35,311.43,312.31,629.03,649.73,648.35,629.03
138,197.21,626.62,0,1,6.8994,481.06,190.78,202.31,201.43,194.33,600.05,601.43,652.49,652.49
139,231.37,638.34,0,5,9.6591,1371,204.09,257.31,259.09,204.98,626.27,624.89,651.11,651.11
140,688.89,546.24,0,1,15.179,1028.2,674.25,703.52,705.3,672.48,528.3,531.06,562.8,562.8
141,677.8,596.6,0,1,6.2097,574.09,671.59,683.12,683.12,673.36,571.08,568.32,623.51,623.51
142,674.92,636.62,0,1,5.5195,97.314,672.48,678.69,676.91,671.59,627.65,629.03,645.59,644.21
143,700.42,590.39,0,1,4.4355,1333,685.78,714.17,715.94,685.78,566.94,568.32,612.47,613.85
144,745.88,591.77,0,3,1.7742,768.11,736.35,754.09,754.09,739.01,568.32,568.32,616.61,613.85
145,743.22,533.13,0,1,8.2792,262.56,736.35,750.54,750.54,735.46,524.16,524.16,542.1,542.1
146,745.88,556.59,0,1,5.5195,235.64,738.12,753.2,754.09,738.12,549,549,564.18,564.18
147,717.05,545.89,0,1,5.5195,761.99,705.3,729.25,728.36,705.3,529.68,529.68,561.42,562.8
148,725.04,579.7,0,1,6.2097,252.77,721.27,728.36,732.8,717.72,568.32,568.32,590.39,591.77
149,770.5,536.23,0,1,5.5195,323.16,759.41,761.19,780.7,780.7,528.3,543.48,544.86,528.3
150,799.33,554.52,0,1,11.039,925.4,786.91,786.91,811.75,811.75,535.2,571.08,575.22,536.58
151,803.77,502.08,0,2,13.306,1408.9,816.19,816.19,794.01,788.69,529.68,475.87,471.73,531.06
152,783.14,441.37,0,1,3.5484,285.82,779.81,786.02,786.02,780.7,415.15,417.91,466.21,466.21
153,853.67,542.44,0,4,8.2792,1000.1,826.83,826.83,880.06,880.94,532.44,551.76,551.76,533.82
154,889.37,564.87,0,1,9.6591,238.7,882.72,896.02,896.02,882.72,555.9,555.9,573.84,573.84
155,829.71,564.87,0,1,9.6591,336.62,817.96,817.07,841.91,841.91,558.66,571.08,572.46,557.28
156,861.87,564.87,0,1,8.2792,601.02,842.8,844.57,880.06,880.06,555.9,572.46,573.84,557.28
157,889.59,542.44,0,1,9.6591,238.7,883.6,894.25,896.91,883.6,532.44,532.44,553.14,551.76
158,919.75,553.83,0,1,5.5195,607.75,911.1,913.77,927.07,927.07,533.82,575.22,573.84,532.44
159,803.32,382.03,0,4,5.3226,1744.3,817.96,816.19,789.57,789.57,348.92,413.77,413.77,351.68
160,799.11,335.46,0,1,5.5195,598.57,785.14,785.14,812.64,813.52,324.08,344.78,347.54,325.46
161,770.28,339.95,0,1,5.5195,315.81,760.3,780.7,778.93,761.19,330.98,332.36,347.54,348.92
162,742.11,338.91,0,1,2.7597,269.3,734.57,750.54,750.54,732.8,330.98,330.98,348.92,344.78
163,703.3,340.29,0,2,4.1396,105.27,728.36,728.36,678.69,677.8,330.98,346.16,336.5,347.54
164,852.11,337.53,0,4,6.8994,1259.6,820.62,820.62,884.49,882.72,326.84,347.54,347.54,328.22
165,892.48,327.87,0,1,2.7597,191.57,884.49,898.69,899.57,887.15,319.94,321.32,335.12,335.12
166,918.65,334.08,0,1,2.7597,363.55,911.1,926.19,927.07,910.22,322.7,322.7,347.54,343.4
167,986.06,338.57,0,3,8.2792,1432.2,1020.2,1021.1,951.02,951.91,328.22,348.92,348.92,328.22
168,941.93,327.18,0,1,2.7597,196.46,948.36,949.25,933.28,936.83,318.56,333.74,335.12,321.32
169,1039.5,319.94,0,1,5.3226,287.66,1025.5,1048.6,1046.8,1037.1,311.66,310.28,330.98,326.84
170,1037.7,339.95,0,1,5.3226,171.37,1026.4,1046.8,1048.6,1029.1,336.5,335.12,342.02,346.16
171,1028,361.34,0,1,3.5484,342.13,1017.6,1038,1037.1,1019.3,353.06,351.68,371,369.62
172,1028.4,388.59,0,1,1.3799,730.16,1017.6,1038.8,1038,1019.3,371,369.62,406.87,406.87
173,1043.7,384.45,0,1,4.4355,407.01,1040.6,1046.8,1046.8,1040.6,350.3,353.06,416.53,417.91
174,1028.9,441.71,0,1,5.3226,506.77,1018.4,1038,1039.7,1019.3,428.95,428.95,456.55,452.41
175,1028.4,471.73,0,1,5.3226,431.49,1016.7,1038,1039.7,1019.3,462.07,460.69,482.76,481.38
176,1027.8,506.91,0,3,7.0968,834.82,1017.6,1037.1,1038,1018.4,485.52,485.52,528.3,528.3
177,1039.7,541.06,0,1,2.7597,321.32,1020.2,1048.6,1047.7,1042.4,531.06,532.44,549,551.76
178,1007.6,542.1,0,1,3.5484,276.03,998.04,1015.8,1017.6,998.93,533.82,535.2,549,550.38
179,1005.4,564.18,0,2,5.5195,505.54,992.72,1017.6,1017.6,993.6,554.52,553.14,573.84,575.22
180,1039.7,565.56,0,1,4.1396,153.01,1047.7,1046.8,1025.5,1038.8,573.84,550.38,573.84,564.18
181,985.84,542.79,0,1,3.5484,309.08,995.38,993.6,977.64,976.75,532.44,550.38,553.14,535.2
182,981.41,562.8,0,1,11.039,384.97,991.83,990.94,971.43,971.43,553.14,571.08,573.84,553.14
183,963.67,564.87,0,1,6.8994,247.26,969.65,969.65,958.12,957.23,555.9,575.22,575.22,553.14
184,948.81,564.52,0,1,4.1396,249.1,942.15,954.57,955.46,943.04,555.9,553.14,575.22,573.84
185,966.1,543.48,0,1,6.8994,324.38,957.23,974.09,974.98,958.12,533.82,533.82,554.52,551.76
186,945.92,542.1,0,1,4.1396,271.75,954.57,953.69,935.94,939.49,532.44,551.76,549,535.2
187,225.6,658.35,0,1,11.039,1549.1,140.22,137.56,312.31,312.31,656.63,664.91,660.77,651.11
188,602.17,243.01,0,3,2.7597,1198.4,584.65,621.02,620.14,582.88,224.73,228.87,260.61,257.85
189,742.78,322.01,0,1,5.3226,141.99,736.35,749.65,748.77,736.35,315.8,317.18,326.84,328.22
190,602.4,287.51,0,1,24.838,1887.5,583.77,622.8,621.02,581.99,261.99,264.75,311.66,311.66
191,648.75,289.93,0,1,10.645,2512.4,621.91,622.8,675.14,675.14,264.75,314.42,313.04,267.5
192,621.25,326.49,0,1,2.7597,1098.6,597.07,599.73,644.98,643.2,313.04,337.88,339.26,315.8
193,658.95,326.84,0,2,9.6591,616.32,644.98,672.48,673.36,644.98,315.8,315.8,339.26,336.5
194,687.11,290.62,0,1,12.419,785.86,678.69,696.43,696.43,676.91,268.88,270.26,313.04,310.28
195,712.17,292.34,0,1,11.039,755.87,705.3,721.27,721.27,700.86,268.88,274.4,311.66,314.42
196,727.25,278.54,0,1,34.497,102.82,722.15,731.91,731.91,723.04,273.02,273.02,284.06,284.06
197,727.03,302.35,0,1,2.7597,198.91,732.8,723.04,723.04,729.25,314.42,314.42,293.72,286.82
198,744.77,308.56,0,1,5.3226,216.66,756.75,734.57,733.69,754.09,315.8,311.66,303.38,303.38
199,744.33,290.62,0,1,9.7581,491.47,754.09,754.98,735.46,732.8,279.92,302,303.38,277.16
200,743.44,263.02,0,3,10.645,611.43,755.86,731.02,731.91,754.98,278.54,273.02,252.33,248.19
201,717.94,250.95,0,1,15.179,255.83,723.93,720.38,713.28,714.17,235.77,266.12,266.12,235.77
202,706.19,250.95,0,1,12.419,264.4,702.64,711.51,709.73,700.86,237.15,234.39,264.75,267.5
203,693.32,256.12,0,1,8.871,317.04,699.98,699.09,687.56,686.67,237.15,267.5,270.26,249.57
204,683.34,249.91,0,1,8.2792,247.26,687.56,686.67,678.69,680.46,234.39,267.5,264.75,233.01
205,671.59,249.22,0,1,9.6591,345.19,676.91,676.91,666.27,666.27,233.01,266.12,264.75,233.01
206,656.51,247.84,0,2,15.179,600.41,648.52,665.38,665.38,646.75,230.25,231.63,264.75,264.75
207,640.54,246.46,0,1,8.2792,437,646.75,646.75,634.33,634.33,230.25,264.75,263.37,227.49
208,627.9,246.12,0,1,7.0968,337.85,623.69,634.33,631.67,621.91,228.87,230.25,261.99,263.37
209,565.58,287.86,0,1,13.306,485.96,572.23,572.23,558.04,559.81,268.88,306.14,306.14,270.26
210,524.77,282.68,0,1,27.597,2476.3,545.62,545.62,503.04,504.81,255.09,313.04,311.66,250.95
211,507.92,234.04,0,1,1.7742,504.32,519.01,516.35,497.72,498.6,223.35,248.19,245.43,219.21
212,475.1,280.96,0,1,31.737,3120.8,449.81,501.27,498.6,450.7,248.19,250.95,313.04,311.66
213,439.61,280.27,0,3,3.5484,686.1,431.19,448.04,448.04,431.19,260.61,259.23,302,299.24
214,491.29,235.42,0,1,4.1396,319.48,496.83,495.06,485.3,487.96,219.21,253.71,250.95,217.83
215,475.1,232.66,0,2,11.039,634.07,485.3,485.3,464.01,465.78,217.83,248.19,248.19,216.45
216,457.8,231.28,0,1,0.8871,219.72,455.14,461.35,461.35,453.36,216.45,215.07,246.81,246.81
217,446.49,238.18,0,1,5.5195,91.194,443.6,448.93,448.93,444.49,228.87,228.87,246.81,248.19
218,441.17,256.47,0,1,3.5484,126.08,431.19,450.7,449.81,432.96,253.71,252.33,259.23,260.61
219,444.05,306.83,0,1,6.8994,132.2,439.17,448.04,450.7,438.28,300.62,300.62,313.04,313.04
220,441.17,325.11,0,2,2.6613,433.32,450.7,450.7,431.19,432.07,313.04,335.12,337.88,314.42
221,459.35,326.84,0,1,5.5195,280.93,451.59,455.14,465.78,464.9,339.26,314.42,315.8,337.88
222,479.75,326.15,0,2,9.6591,649.99,467.56,465.78,493.28,492.4,313.04,339.26,337.88,314.42
223,521.45,326.84,0,1,5.5195,563.69,533.2,532.31,509.25,511.02,314.42,340.64,337.88,314.42
224,495.06,311.32,0,1,11.039,104.05,502.15,488.85,489.73,499.49,315.8,315.8,307.52,306.14
225,179.25,626.62,0,1,11.039,956.62,169.49,169.49,189.9,188.12,602.81,651.11,651.11,601.43
226,166.39,648.69,1,-1,2,211.15,159.73,159.73,173.04,173.04,641.45,658.01,655.25,640.07
227,437.62,550.72,1,-1,4,297.45,428.52,445.38,447.15,429.41,542.1,542.1,560.04,558.66
228,701.31,551.76,1,-1,10,1968.3,729.25,728.36,672.48,675.14,532.44,568.32,571.08,535.2
229,794.67,423.78,1,-1,2,337.85,780.7,809.09,809.09,779.81,417.91,417.91,428.95,430.33
230,795.12,465.52,1,-1,2,271.75,780.7,808.2,809.98,781.59,462.07,459.31,470.35,470.35
231,1017.8,554.17,1,-1,2,26.93,1014.9,1020.2,1021.1,1014.9,550.38,553.14,557.28,555.9
232,1043.7,563.83,1,-1,2,115.68,1040.6,1040.6,1046.8,1046.8,555.9,571.08,575.22,553.14
233,1043.5,328.56,1,-1,2,143.83,1048.6,1040.6,1039.7,1045.1,342.02,337.88,315.8,318.56
234,890.92,339.95,1,-1,2,91.806,884.49,896.02,896.91,886.27,335.12,336.5,343.4,344.78
235,942.15,340.64,1,-1,2,79.565,948.36,947.48,936.83,935.94,339.26,343.4,344.78,335.12
236,691.55,330.29,1,-1,2,58.756,698.2,684.9,684.01,699.09,328.22,328.22,332.36,332.36
237,619.47,325.46,1,-1,2,118.74,605.06,634.33,633.44,605.06,324.08,322.7,326.84,328.22
238,620.14,331.67,1,-1,2,315.81,634.33,634.33,605.06,606.83,328.22,337.88,336.5,324.08
239,506.59,329.25,1,-1,2,183.61,514.57,516.35,496.83,498.6,319.94,333.74,335.12,328.22
240,532.54,241.63,1,-1,8,599.8,544.73,519.9,521.67,543.85,226.11,231.63,250.95,257.85
241,174.37,633.86,1,-2,2,4.8963,173.93,175.7,174.81,173.04,631.79,633.17,634.55,635.93
242,438.95,582.12,1,-2,2,1.2241,438.28,439.17,439.17,439.17,580.74,580.74,583.5,583.5
243,250.66,622.48,1,-3,1,1.2241,252.88,251.1,249.33,249.33,620.75,623.51,622.13,623.51
244,555.6,564.87,1,-2,2,7.9565,554.49,557.15,557.15,553.6,562.8,564.18,564.18,568.32
245,572.46,565.9,1,-2,2,10.405,574.01,573.12,571.35,571.35,562.8,568.32,568.32,564.18
246,814.41,553.83,1,-2,2,7.3445,816.19,814.41,812.64,814.41,551.76,551.76,555.9,555.9
247,1027.1,344.78,1,-2,2,11.017,1025.5,1029.1,1029.1,1024.7,342.02,344.78,344.78,347.54
248,934.61,346.85,1,-2,2,3.6722,934.17,934.17,935.94,934.17,344.78,344.78,348.92,348.92
249,588.65,322.01,1,-2,2,11.017,587.31,589.98,589.98,587.31,319.94,319.94,325.46,322.7
250,522.11,254.74,1,-2,2,9.1806,520.78,523.44,523.44,520.78,252.33,253.71,257.85,255.09
251,482.86,642.83,1,1,5.5195,7236.1,684.9,684.01,282.15,280.38,630.41,646.97,656.63,637.31
252,712.84,633.86,1,1,4.4355,903.37,694.65,694.65,729.25,732.8,620.75,646.97,645.59,622.13
253,723.26,593.15,1,2,2.7597,686.71,730.14,731.02,716.83,715.06,569.7,616.61,616.61,569.7
254,743.67,536.23,1,1,3.5484,283.37,736.35,751.43,752.31,734.57,526.92,528.3,544.86,544.86
255,745.44,597.29,1,1,7.9839,1538.1,753.2,736.35,738.12,754.09,550.38,550.38,642.83,645.59
256,624.79,552.45,1,1,11.039,1851.4,667.15,666.27,582.88,582.88,542.1,564.18,562.8,540.72
257,564.92,547.62,1,1,6.8994,971.31,580.22,580.22,550.06,549.17,531.06,564.18,562.8,532.44
258,501.04,551.76,1,1,9.6591,1968.3,545.62,545.62,456.02,456.91,540.72,562.8,562.8,540.72
259,429.85,541.75,1,1,2.6613,260.12,420.54,421.43,449.81,427.64,562.8,531.06,531.06,542.1
260,448.48,588.32,1,1,6.2097,235.02,450.7,447.15,447.15,448.93,543.48,544.86,631.79,633.17
261,678.24,598.67,1,1,5.3226,636.52,684.01,684.01,672.48,672.48,569.7,626.27,626.27,572.46
262,564.25,597.29,1,1,7.9839,1734.5,576.67,581.1,549.17,550.06,566.94,629.03,624.89,568.32
263,269.96,632.83,1,1,8.2792,758.32,277.72,278.6,261.75,261.75,609.71,656.63,655.25,609.71
264,239.35,633.52,1,1,5.5195,523.29,252.88,251.99,226.27,226.27,623.51,642.83,644.21,623.51
265,200.1,634.21,1,1,0.8871,1110.2,224.49,224.49,174.81,176.59,622.13,645.59,645.59,623.51
266,156.63,635.93,1,1,4.1396,361.1,141.1,139.33,173.04,173.04,630.41,642.83,640.07,630.41
267,198.99,617.3,1,4,5.5195,599.8,174.81,174.81,222.72,223.6,612.47,623.51,623.51,609.71
268,200.1,652.49,1,5,1.7742,594.9,176.59,223.6,224.49,175.7,660.77,656.63,645.59,646.97
269,228.93,615.92,1,1,5.5195,77.117,225.38,231.59,232.48,226.27,609.71,609.71,622.13,622.13
270,238.91,616.96,1,1,5.5195,57.532,242.23,243.12,234.25,236.02,613.85,620.75,620.75,612.47
271,247.56,616.27,1,1,4.1396,65.488,244.01,249.33,251.99,244.9,611.09,611.09,620.75,622.13
272,254.88,615.23,1,1,4.1396,53.859,257.31,257.31,251.99,252.88,609.71,620.75,620.75,609.71
273,230.48,651.45,1,1,2.7597,68.548,228.04,232.48,235.14,226.27,645.59,646.97,656.63,656.63
274,238.46,651.8,1,1,4.1396,53.859,240.46,242.23,236.02,235.14,648.35,656.63,656.63,645.59
275,248,651.45,1,1,3.5484,51.411,244.01,250.22,251.1,246.67,645.59,646.97,658.01,655.25
276,255.98,651.11,1,1,2.7597,68.548,253.77,259.09,259.09,251.99,645.59,645.59,656.63,656.63
277,770.28,541.06,1,1,6.8994,330.5,759.41,780.7,780.7,760.3,532.44,533.82,549,549
278,790.9,542.1,1,1,6.8994,179.94,786.91,793.12,794.9,788.69,526.92,528.3,555.9,557.28
279,805.32,504.5,1,2,8.871,1356.9,794.01,817.96,815.3,794.01,473.11,475.87,532.44,536.58
280,847.46,548.65,1,5,6.8994,1613.3,794.9,798.44,898.69,897.8,542.1,555.9,557.28,539.34
281,917.98,546.24,1,1,4.1396,591.84,905.78,929.73,931.51,904.9,533.82,535.2,560.04,555.9
282,918.87,570.04,1,1,8.2792,330.5,931.51,931.51,904.9,907.56,562.8,576.6,576.6,564.18
283,889.81,569.7,1,1,8.2792,183.61,882.72,896.02,896.91,883.6,562.8,562.8,576.6,576.6
284,974.98,566.59,1,4,8.2792,1255.3,940.38,1008.7,1008.7,942.15,576.6,575.22,557.28,557.28
285,967.88,547.62,1,3,2.7597,881.34,941.27,941.27,994.49,994.49,539.34,555.9,555.9,539.34
286,1005.6,545.89,1,1,4.1396,156.07,998.04,1013.1,1013.1,998.04,539.34,542.1,551.76,550.38
287,1036.6,545.55,1,1,4.4355,189.73,1045.9,1046.8,1027.3,1026.4,539.34,550.38,550.38,542.1
288,1027.8,445.85,1,8,6.2097,3514.3,1038,1017.6,1018.4,1037.1,536.58,535.2,355.82,355.82
289,1037.1,345.12,1,1,5.5195,147.5,1046.8,1046.8,1026.4,1028.2,340.64,348.92,348.92,342.02
290,1010,343.74,1,1,5.5195,127.3,1006,1013.1,1014.9,1006,336.5,335.12,351.68,351.68
291,1002.7,339.26,1,1,5.5195,175.04,1006,1006,999.81,998.93,326.84,350.3,354.44,325.46
292,1009.6,329.6,1,1,2.7597,25.706,1013.1,1012.2,1006.9,1006,326.84,333.74,329.6,328.22
293,993.83,331.32,1,1,6.8994,97.314,998.04,998.93,989.17,989.17,325.46,335.12,337.88,326.84
294,978.52,331.32,1,2,11.039,197.08,990.06,989.17,966.99,967.88,325.46,335.12,336.5,328.22
295,982.52,347.88,1,3,6.8994,384.97,998.93,998.93,966.1,966.1,343.4,354.44,353.06,340.64
296,961.67,339.95,1,1,6.8994,198.3,957.23,966.1,965.22,958.12,328.22,326.84,351.68,353.06
297,952.58,345.12,1,1,2.7597,66.712,950.14,953.69,956.35,950.14,339.26,337.88,350.3,353.06
298,948.36,330.29,1,1,4.1396,68.548,950.14,953.69,944.81,944.81,325.46,335.12,335.12,325.46
299,938.6,327.53,1,1,0,58.756,935.94,941.27,941.27,935.94,321.32,322.7,333.74,332.36
300,941.93,348.23,1,1,5.5195,89.97,934.17,949.25,951.02,933.28,346.16,344.78,353.06,348.92
301,919.09,326.49,1,1,1.3799,435.77,932.4,933.28,905.78,904.9,318.56,335.12,333.74,318.56
302,919.98,337.19,1,1,1.3799,29.378,916.43,923.52,923.52,916.43,335.12,335.12,339.26,339.26
303,909.55,336.84,1,1,4.1396,23.257,905.78,913.77,911.99,906.67,335.12,335.12,339.26,337.88
304,930.84,335.81,1,1,6.8994,6.7324,929.73,933.28,933.28,927.07,335.12,335.12,336.5,336.5
305,930.18,348.92,1,1,4.1396,66.1,931.51,934.17,927.07,927.96,343.4,354.44,355.82,342.02
306,918.42,348.57,1,1,6.8994,77.117,914.65,922.64,921.75,914.65,344.78,342.02,353.06,354.44
307,909.11,351.68,1,1,5.5195,39.783,906.67,911.1,911.99,906.67,346.16,348.92,355.82,355.82
308,901.13,343.4,1,1,2.6613,89.358,903.12,904.9,898.69,897.8,335.12,350.3,351.68,336.5
309,894.03,329.94,1,1,4.1396,161.58,887.15,900.46,901.35,887.15,324.08,324.08,335.12,336.5
310,891.81,348.92,1,1,6.8994,113.23,885.38,884.49,899.57,897.8,343.4,353.06,353.06,346.16
311,879.17,335.46,1,1,8.2792,226.45,874.73,882.72,883.6,875.62,321.32,321.32,348.92,350.3
312,869.41,345.12,1,1,5.5195,19.585,873.85,874.73,864.98,864.09,337.88,351.68,336.5,354.44
313,859.65,344.78,1,1,5.5195,132.2,855.22,864.98,864.09,854.33,340.64,335.12,351.68,351.68
314,869.19,330.98,1,1,4.1396,61.816,872.07,873.85,864.98,865.86,328.22,335.12,335.12,325.46
315,860.54,332.36,1,1,2.7597,104.05,854.33,865.86,865.86,856.1,326.84,328.22,335.12,339.26
316,846.79,338.57,1,1,0,183.61,839.25,853.44,853.44,841.02,330.98,332.36,344.78,346.16
317,833.71,338.91,1,1,2.6613,124.86,829.49,836.59,840.14,828.6,333.74,330.98,344.78,346.16
318,841.47,329.94,1,1,5.5195,175.04,852.56,853.44,829.49,830.38,324.08,333.74,333.74,328.22
319,841.25,348.23,1,1,5.5195,209.32,853.44,854.33,828.6,828.6,344.78,351.68,353.06,343.4
320,821.51,338.57,1,1,4.1396,309.69,815.3,825.94,828.6,816.19,326.84,324.08,348.92,354.44
321,798.44,334.43,1,1,5.5195,697.72,785.14,811.75,811.75,785.14,321.32,321.32,346.16,348.92
322,802.21,386.17,1,4,8.871,1735.1,815.3,817.07,789.57,786.91,354.44,417.91,416.53,355.82
323,813.75,444.82,1,1,7.9839,376.4,809.98,816.19,817.96,810.86,416.53,416.53,473.11,473.11
324,770.72,343.74,1,1,2.7597,312.75,778.93,780.7,762.07,761.19,335.12,353.06,351.68,335.12
325,742.78,342.36,1,1,1.3799,250.94,733.69,752.31,750.54,734.57,333.74,336.5,348.92,350.3
326,702.86,343.4,1,2,2.7597,746.08,727.48,727.48,677.8,678.69,335.12,348.92,353.06,336.5
327,670.26,328.22,1,1,5.5195,228.9,665.38,675.14,675.14,665.38,315.8,317.18,339.26,340.64
328,690.66,324.42,1,1,2.6613,276.64,677.8,705.3,702.64,676.91,330.98,328.22,319.94,318.56
329,654.96,330.63,1,2,8.2792,393.54,645.86,663.6,663.6,646.75,318.56,319.94,342.02,342.02
330,688.67,294.76,1,1,2.6613,867.26,678.69,698.2,699.09,678.69,317.18,315.8,273.02,273.02
331,659.83,257.5,1,1,5.5195,1748.6,610.38,608.6,709.73,710.62,245.43,260.61,271.64,252.33
332,716.61,258.54,1,1,2.7597,69.16,713.28,720.38,721.27,711.51,256.47,252.33,263.37,261.99
333,716.61,267.85,1,1,1.7742,85.073,721.27,723.04,711.51,710.62,264.75,270.26,273.02,263.37
334,743.67,271.3,1,4,10.645,993.34,733.69,753.2,754.98,732.8,248.19,246.81,293.72,296.48
335,741.89,300.97,1,1,3.5484,120.57,746.1,747.88,737.23,736.35,295.1,306.14,307.52,295.1
336,745,311.32,1,1,7.9839,210.54,732.8,756.75,756.75,733.69,307.52,306.14,317.18,314.42
337,741.89,325.11,1,1,5.3226,83.849,736.35,746.99,747.88,736.35,321.32,321.32,329.6,328.22
338,718.6,249.57,1,1,4.1396,128.53,723.93,723.04,723.04,704.41,239.91,252.33,253.71,252.33
339,695.54,244.39,1,1,2.7597,119.96,701.75,700.86,689.33,690.22,241.29,248.19,250.95,237.15
340,683.34,242.32,1,1,4.1396,77.117,687.56,686.67,678.69,680.46,237.15,246.81,248.19,237.15
341,672.25,243.01,1,1,4.1396,156.07,678.69,677.8,665.38,667.15,237.15,248.19,250.95,235.77
342,656.06,240.94,1,1,6.8994,239.31,645.86,645.86,666.27,666.27,233.01,248.19,245.43,237.15
343,640.32,239.56,1,1,4.1396,157.29,634.33,646.75,645.86,634.33,233.01,233.01,246.81,245.43
344,622.58,237.84,1,1,5.3226,192.79,633.44,631.67,612.15,613.04,231.63,244.05,241.29,234.39
345,599.29,235.08,1,1,7.9839,164.03,590.86,609.49,608.6,588.2,230.25,231.63,239.91,238.53
346,599.29,252.33,1,1,18.629,222.78,592.64,589.98,606.83,607.72,245.43,257.85,260.61,245.43
347,576.23,243.01,1,1,8.2792,236.86,572.23,572.23,580.22,580.22,227.49,257.85,257.85,228.87
348,564.92,243.36,1,1,9.7581,463.31,557.15,558.04,572.23,572.23,224.73,259.23,259.23,230.25
349,552.94,241.63,1,1,1.7742,244.82,548.28,557.15,556.27,550.06,226.11,224.73,257.85,257.85
350,564.69,289.93,1,6,16.855,1684.9,550.06,580.22,579.33,549.17,261.99,261.99,317.18,318.56
351,565.14,325.46,1,1,4.1396,342.74,549.17,581.1,580.22,550.06,319.94,319.94,330.98,330.98
352,596.85,328.56,1,1,4.4355,264.4,587.31,603.28,604.17,592.64,318.56,318.56,342.02,335.12
353,638.77,329.25,1,1,4.1396,151.79,635.22,642.31,642.31,635.22,318.56,318.56,339.26,340.64
354,506.37,243.36,1,1,1.3799,363.55,516.35,516.35,495.06,497.72,235.77,255.09,249.57,233.01
355,501.93,227.49,1,2,4.1396,339.68,517.23,517.23,485.3,487.96,223.35,233.01,233.01,220.59
356,483.97,240.94,1,1,5.3226,337.85,494.17,493.28,472.88,475.54,233.01,249.57,249.57,231.63
357,473.77,225.07,1,1,2.7597,267.46,464.01,463.12,484.41,483.52,217.83,231.63,231.63,219.21
358,461.79,240.25,1,1,4.1396,244.2,451.59,471.99,470.22,453.36,233.01,234.39,245.43,248.19
359,458.46,225.42,1,1,7.9839,131.59,455.14,464.01,462.23,452.48,217.83,219.21,233.01,231.63
360,445.38,238.18,1,1,1.7742,247.88,440.06,452.48,449.81,439.17,227.49,227.49,249.57,248.19
361,360.66,224.38,1,7,6.8994,4173.5,298.12,425.86,423.2,295.46,202.65,213.69,246.81,234.39
362,446.27,279.23,1,1,4.4355,250.94,443.6,448.93,448.04,444.49,250.95,250.95,307.52,307.52
363,441.17,315.8,1,1,3.5484,272.36,433.85,448.04,450.7,432.07,306.14,308.9,321.32,326.84
364,437.4,280.27,1,3,4.4355,533.09,431.19,443.6,442.72,432.07,257.85,256.47,302,304.76
365,423.87,319.25,1,1,1.3799,41.007,421.43,426.75,426.75,420.54,314.42,317.18,324.08,321.32
366,435.62,337.19,1,1,7.9839,626.73,421.43,449.81,449.81,421.43,325.46,326.84,348.92,347.54
367,458.46,333.39,1,1,5.5195,101.6,453.36,462.23,463.12,455.14,328.22,326.84,337.88,340.64
368,464.23,320.63,1,1,1.3799,119.35,454.25,474.65,475.54,452.48,318.56,317.18,322.7,324.08
369,470.44,334.77,1,1,3.5484,98.538,474.65,474.65,465.78,466.67,328.22,340.64,340.64,329.6
370,490.4,335.46,1,1,1.7742,59.98,492.4,494.17,487.07,487.96,329.6,340.64,340.64,330.98
371,486.85,322.35,1,1,5.5195,138.93,479.09,479.09,495.06,494.17,317.18,326.84,326.84,318.56
372,517.01,323.04,1,1,1.3799,128.53,507.48,505.7,526.99,527.88,319.94,326.84,325.46,319.94
373,534.53,321.66,1,1,5.5195,103.43,540.3,540.3,528.77,528.77,317.18,326.84,325.46,317.18
374,529.21,334.43,1,2,2.7597,286.43,518.12,540.3,541.19,517.23,326.84,329.6,340.64,340.64
375,794.01,473.11,2,-1,2,78.341,784.25,802.88,803.77,785.14,471.73,470.35,474.49,475.87
376,793.34,427.91,2,-1,2,92.418,784.25,802.88,802.88,783.36,424.81,426.19,430.33,430.33
377,1017.6,556.59,2,-1,2,51.411,1014.9,1023.8,1017.6,1014,549,561.42,561.42,554.52
378,617.7,337.53,2,-1,2,189.12,602.4,634.33,631.67,602.4,333.74,335.12,339.26,342.02
379,529.43,245.77,2,-1,8,318.87,526.1,522.56,533.2,535.86,230.25,260.61,261.99,230.25
380,819.29,561.07,2,-2,2,8.5685,817.07,820.62,820.62,818.85,558.66,560.04,562.8,562.8
381,901.35,553.48,2,-3,1,12.853,900.46,902.23,903.12,899.57,550.38,551.76,555.9,555.9
382,931.73,552.1,2,-3,1,0.61204,931.51,931.51,932.4,931.51,550.38,551.76,553.14,553.14
383,1017.6,536.92,2,-3,1,9.7926,1016.7,1019.3,1018.4,1015.8,535.2,535.2,539.34,537.96
384,809.53,527.27,2,-3,1,12.853,808.2,811.75,810.86,807.31,525.54,525.54,529.68,528.3
385,787.58,418.26,2,-2,2,10.405,786.02,788.69,788.69,786.91,415.15,416.53,420.67,420.67
386,791.79,355.47,2,-3,1,6.1204,790.46,793.12,792.23,791.35,353.06,354.44,357.2,357.2
387,780.48,346.5,2,-3,1,6.1204,779.81,780.7,781.59,779.81,343.4,344.78,348.92,348.92
388,582.21,329.6,2,-2,2,12.241,583.77,581.1,581.1,582.88,326.84,326.84,332.36,332.36
389,520.34,260.26,2,-2,2,12.853,519.01,521.67,521.67,519.01,257.85,257.85,261.99,263.37
390,1001.6,344.43,2,1,5.5195,585.72,987.4,1015.8,1016.7,986.51,333.74,335.12,353.06,355.82
391,1033.1,338.57,2,2,8.871,585.11,1022,1042.4,1045.1,1022.9,324.08,325.46,353.06,351.68
392,1024.2,364.1,2,1,8.871,231.35,1014.9,1033.5,1033.5,1014.9,355.82,359.96,369.62,371
393,1023.8,396.52,2,4,7.0968,847.06,1014.9,1031.8,1034.4,1014,373.75,373.75,420.67,417.91
394,1024,449.65,2,3,5.3226,922.34,1015.8,1034.4,1031.8,1014,424.81,423.43,473.11,477.25
395,1024.7,502.43,2,3,7.9839,902.15,1014.9,1034.4,1034.4,1014.9,478.62,480,524.16,526.92
396,1024.2,530.72,2,1,5.3226,155.46,1014,1033.5,1035.3,1014,528.3,525.54,535.2,533.82
397,1009.4,554.17,2,1,2.7597,140.77,1013.1,1013.1,1006,1005.1,543.48,564.18,562.8,546.24
398,978.3,552.79,2,3,4.1396,985.38,1002.5,1003.4,953.69,953.69,542.1,562.8,562.8,543.48
399,943.71,552.79,2,1,8.2792,273.58,950.14,951.91,936.83,935.94,543.48,561.42,562.8,543.48
400,887.38,553.48,2,1,2.7597,291.94,895.14,894.25,880.06,880.06,542.1,562.8,564.18,544.86
401,850.78,552.79,2,1,6.8994,1100.4,878.28,878.28,823.28,823.28,542.1,562.8,562.8,543.48
402,813.52,555.9,2,1,3.5484,161.58,818.85,808.2,808.2,818.85,564.18,562.8,549,547.62
403,807.31,537.96,2,1,4.4355,122.41,811.75,811.75,802.88,802.88,531.06,546.24,543.48,531.06
404,790.02,535.89,2,2,5.5195,264.4,800.22,801.1,778.93,779.81,529.68,542.1,542.1,529.68
405,783.14,551.07,2,1,7.0968,93.642,778.93,787.8,786.91,778.93,544.86,546.24,557.28,555.9
406,809.75,501.39,2,1,6.2097,313.36,812.64,807.31,805.54,813.52,522.78,526.92,478.62,477.25
407,809.53,450.68,2,1,4.4355,446.18,804.65,805.54,814.41,813.52,424.81,475.87,475.87,426.19
408,790.46,448.96,2,1,5.5195,550.84,777.15,803.77,803.77,777.15,438.61,438.61,459.31,459.31
409,797.33,502.43,2,1,16.558,636.52,804.65,804.65,789.57,790.46,481.38,524.16,524.16,480
410,800,408.25,2,1,5.3226,592.45,812.64,787.8,786.91,812.64,420.67,419.29,395.83,397.21
411,799.33,388.24,2,1,7.9839,292.55,813.52,786.02,786.02,811.75,394.45,393.07,382.03,383.41
412,798.89,375.82,2,1,2.7597,367.22,786.02,785.14,812.64,811.75,382.03,368.24,369.62,383.41
413,800.22,365.13,2,1,9.7581,263.18,812.64,786.91,787.8,813.52,369.62,371,362.72,357.2
414,781.59,364.44,2,1,2.7597,73.445,776.27,786.02,786.91,777.15,359.96,361.34,368.24,368.24
415,796.67,341.33,2,1,8.2792,616.94,780.7,812.64,812.64,780.7,330.98,332.36,350.3,351.68
416,825.5,345.47,2,2,6.8994,397.83,833.93,833.93,816.19,817.96,335.12,358.58,355.82,332.36
417,766.29,348.23,2,1,5.5195,271.13,757.64,774.49,774.49,758.52,339.26,340.64,357.2,355.82
418,740.56,348.23,2,1,3.5484,271.75,748.77,748.77,731.91,732.8,339.26,357.2,355.82,340.64
419,739.01,329.25,2,1,5.3226,128.53,745.22,745.22,732.8,732.8,324.08,335.12,333.74,324.08
420,741.89,285.44,2,3,2.6613,1623.1,731.91,754.09,752.31,729.25,321.32,321.32,249.57,249.57
421,709.51,261.64,2,1,4.1396,620,721.27,718.6,698.2,699.98,246.81,277.16,275.78,246.81
422,688,266.12,2,1,2.6613,318.26,695.54,682.23,679.57,694.65,256.47,253.71,275.78,278.54
423,688.44,286.48,2,1,4.4355,167.09,682.23,694.65,693.77,683.12,279.92,278.54,293.72,293.72
424,691.77,315.46,2,1,2.6613,83.849,689.33,694.65,694.65,688.44,307.52,308.9,322.7,322.7
425,695.54,332.36,2,1,5.3226,204.42,701.75,690.22,688.44,701.75,322.7,325.46,340.64,340.64
426,694.21,348.57,2,1,6.8994,211.15,687.56,687.56,700.86,700.86,340.64,355.82,357.2,340.64
427,716.39,346.85,2,1,4.1396,232.57,708.85,724.81,724.81,707.07,340.64,339.26,354.44,353.06
428,681.57,348.23,2,1,5.5195,182.39,687.56,687.56,676.02,675.14,339.26,355.82,355.82,342.02
429,668.04,337.19,2,1,6.8994,195.85,671.59,664.49,662.72,673.36,348.92,347.54,325.46,326.84
430,681.57,323.39,2,2,5.5195,346.41,676.02,687.56,687.56,675.14,337.88,337.88,310.28,307.52
431,684.67,300.62,2,1,4.1396,236.86,675.14,693.77,694.65,675.14,293.72,295.1,306.14,307.52
432,678.46,287.51,2,1,3.5484,100.99,683.12,675.14,675.14,680.46,295.1,295.1,279.92,279.92
433,672.92,256.81,2,1,5.5195,552.67,680.46,663.6,665.38,682.23,275.78,270.26,239.91,241.29
434,690.22,247.84,2,1,8.2792,127.3,697.31,697.31,683.12,683.12,244.05,252.33,252.33,242.67
435,645.64,261.99,2,1,3.5484,609.59,660.94,629.9,629.9,661.83,273.02,270.26,250.95,253.71
436,654.73,245.77,2,1,1.7742,186.67,662.72,660.94,647.64,647.64,238.53,253.71,250.95,239.91
437,636.99,260.61,2,1,4.4355,254.61,644.09,644.09,629.9,629.9,252.33,270.26,268.88,250.95
438,638.54,244.05,2,1,1.7742,103.43,634.33,643.2,643.2,633.44,237.15,239.91,249.57,249.57
439,616.81,259.57,2,1,14.194,387.42,627.23,627.23,605.06,607.72,249.57,268.88,268.88,250.95
440,620.8,241.98,2,1,13.306,191.57,612.15,612.15,629.01,629.9,237.15,245.43,249.57,235.77
441,597.74,258.54,2,1,3.5484,354.37,589.98,587.31,605.94,607.72,248.19,267.5,268.88,249.57
442,597.74,240.6,2,2,4.4355,193.4,588.2,587.31,607.72,607.72,234.39,245.43,245.43,237.15
443,562.48,247.5,2,1,5.3226,982.93,547.4,576.67,579.33,546.51,230.25,233.01,264.75,261.99
444,538.52,246.12,2,1,2.7597,68.548,536.75,540.3,540.3,536.75,235.77,237.15,255.09,256.47
445,561.59,298.55,2,1,8.871,1927.9,576.67,577.56,545.62,546.51,267.5,330.98,328.22,267.5
446,561.59,343.4,2,1,4.1396,706.29,545.62,545.62,576.67,578.44,330.98,354.44,354.44,333.74
447,594.85,334.43,2,1,5.5195,292.55,603.28,600.62,589.98,585.54,322.7,347.54,342.02,325.46
448,635.66,335.46,2,1,2.7597,150.56,633.44,631.67,638.77,638.77,321.32,348.92,346.16,325.46
449,651.85,334.08,2,1,5.5195,463.93,643.2,660.94,660.94,642.31,321.32,321.32,346.16,347.54
450,494.61,335.46,2,6,5.5195,1938.9,537.64,536.75,452.48,451.59,324.08,347.54,346.16,324.08
451,438.73,292.34,2,4,4.4355,930.3,448.04,430.3,430.3,446.27,319.94,319.94,264.75,264.75
452,452.03,245.08,2,1,4.1396,297.45,443.6,441.83,461.35,461.35,237.15,250.95,255.09,237.15
453,429.41,237.15,2,1,4.1396,113.84,443.6,442.72,415.22,416.1,234.39,239.91,238.53,235.77
454,420.32,225.42,2,1,5.3226,112.62,416.1,426.75,424.09,414.33,219.21,220.59,230.25,231.63
455,418.32,246.12,2,1,1.7742,102.82,424.09,412.56,413.44,423.2,250.95,250.95,239.91,242.67
456,399.47,240.25,2,1,3.5484,198.91,392.15,407.23,405.46,393.04,233.01,233.01,246.81,248.19
457,400.14,225.07,2,1,6.8994,175.04,393.04,393.93,407.23,406.35,231.63,217.83,219.21,231.63
458,385.06,224.73,2,1,4.4355,187.28,377.07,392.15,393.04,377.96,219.21,217.83,231.63,230.25
459,385.06,239.56,2,1,3.5484,218.5,393.04,392.15,377.96,377.07,231.63,246.81,246.81,233.01
460,458.24,228.52,2,1,2.6613,72.833,455.14,462.23,461.35,454.25,223.35,223.35,233.01,234.39
461,471.77,246.81,2,1,4.1396,284.6,465.78,463.12,479.09,479.09,237.15,255.09,257.85,237.15
462,474.65,230.59,2,2,3.5484,222.17,464.9,463.12,485.3,485.3,224.73,234.39,237.15,226.11
463,489.07,247.84,2,1,7.0968,310.92,481.75,480.86,496.83,496.83,237.15,257.85,257.85,238.53
464,491.95,232.32,2,1,6.2097,99.15,487.96,496.83,495.06,487.96,226.11,226.11,238.53,238.53
465,507.03,248.19,2,1,4.4355,351.31,496.83,516.35,517.23,497.72,255.09,259.23,238.53,239.91
466,502.82,232.66,2,1,5.3226,110.17,498.6,507.48,506.59,498.6,226.11,226.11,238.53,239.91
467,514.13,233.35,2,1,3.5484,104.66,510.14,518.12,518.12,510.14,226.11,227.49,239.91,239.91
468,557.82,464.83,0,-2,2,0,556.27,558.93,558.93,557.15,464.83,464.83,464.83,464.83
